{"cameraMode":{"drawMode":0,"name":"Shaded","section":"Shading Mode"},"sceneLighting":true,"audioPlay":false,"sceneViewState":{"m_AlwaysRefresh":false,"showFog":true,"showSkybox":true,"showFlares":true,"showImageEffects":true,"showParticleSystems":true,"showVisualEffectGraphs":true,"m_FxEnabled":true},"in2DMode":false,"pivot":{"x":-13.901182174682618,"y":0.6733694672584534,"z":-0.5693874955177307},"rotation":{"x":0.09136639535427094,"y":-0.671995222568512,"z":0.08409859985113144,"w":0.7300708293914795},"size":11.189952850341797,"orthographic":true}