{"cameraMode":{"drawMode":0,"name":"Shaded","section":"Shading Mode"},"sceneLighting":true,"audioPlay":false,"sceneViewState":{"m_AlwaysRefresh":false,"showFog":true,"showSkybox":true,"showFlares":true,"showImageEffects":true,"showParticleSystems":true,"showVisualEffectGraphs":true,"m_FxEnabled":true},"in2DMode":false,"pivot":{"x":-0.9688112735748291,"y":7.377535820007324,"z":4.095721244812012},"rotation":{"x":0.024482712149620057,"y":-0.9660700559616089,"z":0.2370254546403885,"w":0.09973933547735214},"size":7.252793788909912,"orthographic":true}